{
  "forecasts": {
    "M01AB": {
      "Month+1": 140.3788604736328,
      "Month+2": 189.1638641357422,
      "Month+3": 164.4044189453125,
      "Month+4": 173.0783233642578,
      "Month+5": 160.2144317626953,
      "Month+6": 167.36776733398438,
      "Month+7": 159.58883666992188,
      "Month+8": 163.33831787109375,
      "Month+9": 157.33677673339844,
      "Month+10": 162.2857666015625,
      "Month+11": 162.188232421875,
      "Month+12": 156.9334716796875
    },
    "M01AE": {
      "Month+1": 130.73878479003906,
      "Month+2": 153.91629028320312,
      "Month+3": 121.82598876953125,
      "Month+4": 119.86280822753906,
      "Month+5": 106.69929504394531,
      "Month+6": 108.70210266113281,
      "Month+7": 104.14361572265625,
      "Month+8": 106.90960693359375,
      "Month+9": 103.09728240966797,
      "Month+10": 106.36898040771484,
      "Month+11": 106.30532836914062,
      "Month+12": 102.85636901855469
    },
    "N02BA": {
      "Month+1": 214.91867065429688,
      "Month+2": 225.9234161376953,
      "Month+3": 128.8940887451172,
      "Month+4": 110.96484375,
      "Month+5": 96.12855529785156,
      "Month+6": 95.5985107421875,
      "Month+7": 88.90799713134766,
      "Month+8": 90.2249755859375,
      "Month+9": 86.62071990966797,
      "Month+10": 89.19889831542969,
      "Month+11": 89.06526947021484,
      "Month+12": 86.13995361328125
    },
    "N02BE": {
      "Month+1": 3426.478759765625,
      "Month+2": 1356.1771240234375,
      "Month+3": 859.2876586914062,
      "Month+4": 842.1187744140625,
      "Month+5": 667.6183471679688,
      "Month+6": 578.1854248046875,
      "Month+7": 518.6557006835938,
      "Month+8": 520.3651733398438,
      "Month+9": 497.50885009765625,
      "Month+10": 511.7543640136719,
      "Month+11": 510.9505310058594,
      "Month+12": 494.2432861328125
    },
    "N05B": {
      "Month+1": 533.868408203125,
      "Month+2": 490.71954345703125,
      "Month+3": 218.44137573242188,
      "Month+4": 193.93643188476562,
      "Month+5": 171.19760131835938,
      "Month+6": 184.86474609375,
      "Month+7": 189.8914337158203,
      "Month+8": 199.45248413085938,
      "Month+9": 193.54519653320312,
      "Month+10": 200.06106567382812,
      "Month+11": 200.10032653808594,
      "Month+12": 193.68978881835938
    },
    "N05C": {
      "Month+1": 11.094974517822266,
      "Month+2": 33.50444793701172,
      "Month+3": 13.603968620300293,
      "Month+4": 11.619816780090332,
      "Month+5": 10.488080024719238,
      "Month+6": 11.915853500366211,
      "Month+7": 12.326988220214844,
      "Month+8": 12.859129905700684,
      "Month+9": 12.456859588623047,
      "Month+10": 12.872742652893066,
      "Month+11": 12.874266624450684,
      "Month+12": 12.460881233215332
    },
    "R03": {
      "Month+1": 160.8323516845703,
      "Month+2": 198.11312866210938,
      "Month+3": 145.4287109375,
      "Month+4": 164.80686950683594,
      "Month+5": 148.1552276611328,
      "Month+6": 138.9568328857422,
      "Month+7": 124.7560043334961,
      "Month+8": 124.9366226196289,
      "Month+9": 119.55874633789062,
      "Month+10": 123.13594055175781,
      "Month+11": 123.04530334472656,
      "Month+12": 119.07180786132812
    },
    "R06": {
      "Month+1": 98.01957702636719,
      "Month+2": 55.06852722167969,
      "Month+3": 62.400535583496094,
      "Month+4": 88.25396728515625,
      "Month+5": 110.81158447265625,
      "Month+6": 137.6627960205078,
      "Month+7": 136.016845703125,
      "Month+8": 139.69085693359375,
      "Month+9": 134.5414581298828,
      "Month+10": 138.81886291503906,
      "Month+11": 138.81912231445312,
      "Month+12": 134.38841247558594
    }
  }
}